Latitude,Longitude
37.775,-122.419
37.775,-122.419
37.775,-122.419
37.775,-122.419
37.776,-122.419
37.777,-122.417
37.776,-122.417
37.776,-122.416
37.775,-122.416
37.775,-122.415
37.774,-122.415
37.774,-122.414
37.774,-122.414
37.774,-122.414
37.773,-122.413
37.773,-122.413
37.772,-122.412
37.772,-122.412
37.772,-122.411
37.771,-122.411
37.771,-122.411
37.771,-122.411
37.771,-122.410
37.770,-122.410
37.770,-122.409
37.770,-122.409
37.770,-122.409
37.770,-122.409
37.770,-122.408
37.769,-122.407
37.769,-122.407
37.768,-122.406
37.768,-122.406
37.768,-122.406
37.768,-122.406
37.768,-122.406
37.767,-122.406
37.767,-122.405
37.767,-122.405
37.767,-122.405
37.764,-122.405
37.764,-122.405
37.764,-122.405
37.763,-122.405
37.763,-122.405
37.763,-122.406
37.762,-122.406
37.761,-122.406
37.761,-122.406
37.761,-122.406
37.761,-122.406
37.760,-122.406
37.760,-122.406
37.760,-122.406
37.759,-122.406
37.759,-122.406
37.759,-122.406
37.759,-122.406
37.758,-122.405
37.758,-122.404
37.757,-122.404
37.757,-122.404
37.757,-122.404
37.757,-122.404
37.757,-122.403
37.756,-122.403
37.756,-122.403
37.755,-122.403
37.753,-122.403
37.753,-122.403
37.752,-122.403
37.752,-122.403
37.751,-122.403
37.750,-122.404
37.748,-122.404
37.746,-122.405
37.745,-122.405
37.745,-122.405
37.744,-122.406
37.744,-122.406
37.742,-122.407
37.742,-122.408
37.741,-122.408
37.741,-122.408
37.740,-122.408
37.739,-122.408
37.739,-122.408
37.739,-122.408
37.739,-122.408
37.738,-122.408
37.738,-122.408
37.738,-122.408
37.737,-122.408
37.736,-122.408
37.736,-122.407
37.736,-122.407
37.733,-122.406
37.733,-122.406
37.732,-122.405
37.732,-122.405
37.731,-122.404
37.730,-122.404
37.729,-122.404
37.728,-122.403
37.728,-122.403
37.728,-122.403
37.727,-122.402
37.724,-122.401
37.724,-122.401
37.723,-122.401
37.722,-122.401
37.721,-122.400
37.720,-122.400
37.719,-122.400
37.718,-122.400
37.718,-122.400
37.718,-122.400
37.718,-122.400
37.718,-122.400
37.717,-122.400
37.717,-122.399
37.716,-122.399
37.715,-122.398
37.715,-122.398
37.714,-122.398
37.714,-122.397
37.713,-122.397
37.713,-122.397
37.713,-122.396
37.712,-122.396
37.712,-122.396
37.711,-122.396
37.711,-122.396
37.710,-122.396
37.709,-122.395
37.708,-122.395
37.708,-122.395
37.708,-122.395
37.706,-122.395
37.704,-122.394
37.693,-122.392
37.690,-122.391
37.689,-122.391
37.682,-122.389
37.680,-122.389
37.679,-122.389
37.678,-122.388
37.678,-122.389
37.677,-122.389
37.677,-122.389
37.676,-122.389
37.675,-122.389
37.674,-122.390
37.674,-122.390
37.673,-122.390
37.673,-122.391
37.672,-122.391
37.671,-122.392
37.670,-122.392
37.670,-122.393
37.669,-122.393
37.667,-122.395
37.666,-122.397
37.665,-122.398
37.664,-122.399
37.663,-122.400
37.661,-122.403
37.661,-122.403
37.661,-122.404
37.660,-122.404
37.660,-122.405
37.659,-122.405
37.659,-122.405
37.658,-122.406
37.657,-122.406
37.656,-122.407
37.656,-122.407
37.655,-122.407
37.655,-122.407
37.654,-122.407
37.654,-122.407
37.653,-122.407
37.652,-122.407
37.651,-122.407
37.651,-122.407
37.650,-122.407
37.650,-122.407
37.649,-122.407
37.648,-122.407
37.644,-122.406
37.642,-122.406
37.642,-122.406
37.641,-122.406
37.640,-122.406
37.639,-122.406
37.639,-122.405
37.638,-122.405
37.637,-122.404
37.636,-122.404
37.636,-122.404
37.635,-122.403
37.634,-122.403
37.633,-122.403
37.631,-122.403
37.629,-122.403
37.628,-122.402
37.628,-122.402
37.627,-122.402
37.625,-122.402
37.624,-122.401
37.623,-122.401
37.622,-122.400
37.617,-122.399
37.616,-122.398
37.615,-122.398
37.615,-122.398
37.614,-122.397
37.613,-122.396
37.613,-122.396
37.612,-122.395
37.612,-122.394
37.611,-122.394
37.610,-122.391
37.608,-122.389
37.608,-122.389
37.607,-122.387
37.606,-122.386
37.605,-122.384
37.603,-122.382
37.601,-122.379
37.600,-122.376
37.597,-122.373
37.593,-122.365
37.589,-122.360
37.589,-122.360
37.589,-122.359
37.588,-122.358
37.588,-122.357
37.588,-122.356
37.587,-122.356
37.587,-122.355
37.587,-122.354
37.587,-122.353
37.587,-122.334
37.587,-122.334
37.586,-122.333
37.586,-122.332
37.586,-122.332
37.586,-122.331
37.586,-122.331
37.586,-122.331
37.586,-122.330
37.585,-122.330
37.585,-122.330
37.585,-122.329
37.582,-122.326
37.581,-122.325
37.579,-122.323
37.573,-122.316
37.572,-122.316
37.568,-122.311
37.565,-122.307
37.561,-122.304
37.561,-122.304
37.560,-122.303
37.560,-122.303
37.560,-122.303
37.559,-122.302
37.558,-122.300
37.557,-122.300
37.555,-122.298
37.554,-122.296
37.553,-122.296
37.553,-122.296
37.551,-122.294
37.551,-122.294
37.549,-122.292
37.548,-122.291
37.545,-122.288
37.543,-122.286
37.541,-122.285
37.541,-122.285
37.538,-122.282
37.534,-122.279
37.534,-122.278
37.532,-122.276
37.531,-122.275
37.530,-122.274
37.529,-122.273
37.523,-122.267
37.521,-122.265
37.521,-122.265
37.520,-122.263
37.517,-122.260
37.516,-122.259
37.516,-122.258
37.506,-122.248
37.504,-122.245
37.502,-122.243
37.500,-122.240
37.499,-122.240
37.499,-122.239
37.498,-122.239
37.498,-122.238
37.498,-122.238
37.498,-122.237
37.497,-122.236
37.497,-122.236
37.497,-122.235
37.496,-122.232
37.495,-122.229
37.494,-122.227
37.494,-122.226
37.494,-122.224
37.493,-122.223
37.491,-122.219
37.490,-122.217
37.490,-122.216
37.490,-122.215
37.489,-122.215
37.489,-122.214
37.489,-122.213
37.489,-122.213
37.489,-122.212
37.488,-122.211
37.488,-122.209
37.488,-122.208
37.488,-122.208
37.487,-122.206
37.485,-122.189
37.485,-122.188
37.485,-122.187
37.485,-122.186
37.485,-122.185
37.484,-122.184
37.484,-122.183
37.484,-122.182
37.484,-122.181
37.483,-122.181
37.483,-122.181
37.483,-122.179
37.482,-122.179
37.482,-122.178
37.482,-122.178
37.482,-122.177
37.477,-122.170
37.475,-122.166
37.471,-122.158
37.468,-122.154
37.468,-122.153
37.467,-122.153
37.466,-122.151
37.464,-122.147
37.463,-122.145
37.462,-122.144
37.461,-122.142
37.458,-122.137
37.458,-122.136
37.453,-122.128
37.453,-122.128
37.453,-122.128
37.452,-122.127
37.452,-122.126
37.451,-122.126
37.451,-122.125
37.450,-122.125
37.445,-122.119
37.440,-122.114
37.440,-122.114
37.440,-122.114
37.432,-122.106
37.432,-122.105
37.431,-122.104
37.428,-122.101
37.426,-122.099
37.425,-122.098
37.425,-122.098
37.424,-122.096
37.421,-122.093
37.421,-122.092
37.418,-122.089
37.415,-122.084
37.414,-122.083
37.414,-122.083
37.414,-122.082
37.414,-122.082
37.413,-122.081
37.412,-122.079
37.412,-122.078
37.412,-122.078
37.412,-122.078
37.411,-122.076
37.411,-122.076
37.411,-122.075
37.411,-122.075
37.410,-122.075
37.410,-122.074
37.409,-122.072
37.409,-122.071
37.408,-122.070
37.408,-122.069
37.408,-122.068
37.408,-122.066
37.407,-122.066
37.407,-122.066
37.407,-122.065
37.407,-122.064
37.405,-122.056
37.405,-122.055
37.404,-122.052
37.404,-122.052
37.404,-122.051
37.403,-122.047
37.401,-122.036
37.400,-122.032
37.400,-122.032
37.400,-122.031
37.399,-122.028
37.399,-122.027
37.398,-122.025
37.396,-122.017
37.396,-122.013
37.396,-122.013
37.395,-122.009
37.394,-122.007
37.394,-122.005
37.392,-122.000
37.392,-121.998
37.391,-121.994
37.390,-121.991
37.389,-121.990
37.389,-121.989
37.388,-121.985
37.387,-121.983
37.385,-121.975
37.384,-121.972
37.384,-121.970
37.383,-121.969
37.383,-121.968
37.381,-121.959
37.380,-121.959
37.379,-121.955
37.379,-121.954
37.379,-121.951
37.378,-121.946
37.377,-121.942
37.377,-121.941
37.376,-121.940
37.376,-121.939
37.375,-121.936
37.375,-121.934
37.375,-121.933
37.375,-121.933
37.375,-121.932
37.374,-121.931
37.374,-121.930
37.374,-121.929
37.374,-121.929
37.373,-121.928
37.373,-121.928
37.373,-121.928
37.372,-121.928
37.372,-121.927
37.371,-121.927
37.371,-121.927
37.370,-121.927
37.370,-121.927
37.370,-121.926
37.370,-121.926
37.369,-121.926
37.369,-121.926
37.369,-121.925
37.369,-121.925
37.368,-121.925
37.368,-121.924
37.368,-121.924
37.368,-121.924
37.366,-121.921
37.366,-121.921
37.365,-121.920
37.365,-121.920
37.365,-121.919
37.364,-121.919
37.364,-121.919
37.364,-121.918
37.360,-121.916
37.358,-121.914
37.356,-121.913
37.355,-121.912
37.354,-121.912
37.354,-121.911
37.353,-121.911
37.351,-121.909
37.350,-121.909
37.350,-121.909
37.349,-121.909
37.349,-121.908
37.349,-121.908
37.348,-121.907
37.348,-121.907
37.348,-121.907
37.347,-121.906
37.347,-121.905
37.347,-121.904
37.346,-121.904
37.346,-121.903
37.345,-121.903
37.345,-121.903
37.345,-121.903
37.345,-121.902
37.344,-121.902
37.343,-121.902
37.342,-121.901
37.342,-121.901
37.342,-121.901
37.341,-121.900
37.341,-121.900
37.340,-121.899
37.339,-121.899
37.339,-121.899
37.338,-121.899
37.338,-121.899
37.338,-121.899
37.338,-121.899
37.338,-121.899
37.337,-121.899
37.337,-121.899
37.337,-121.899
37.337,-121.899
37.336,-121.899
37.336,-121.898
37.337,-121.898
37.337,-121.897
37.337,-121.896
37.337,-121.896
37.338,-121.896
37.338,-121.895
37.338,-121.895
37.338,-121.894
37.339,-121.893
37.339,-121.893
37.339,-121.892
37.340,-121.892
37.340,-121.891
37.340,-121.891
37.340,-121.891
37.340,-121.890
37.341,-121.890
37.341,-121.890
37.341,-121.889
37.341,-121.889
37.340,-121.888
37.340,-121.888
37.340,-121.887
37.339,-121.887
37.339,-121.887
37.338,-121.886
37.338,-121.886
