Latitude,Longitude,Image
37.775,-122.419,8_mp4-5_jpg.rf.c4d1431c00ae66465f5f43a3d1df4d8a.jpg
37.775,-122.419,8_mp4-41_jpg.rf.c935e1a4400371fbed4509e8a77e565a.jpg
37.775,-122.419,1_mp4-4_jpg.rf.721d802f68e593843318bd3b0a07087d.jpg
37.775,-122.419,15_mp4-2_jpg.rf.11c7e3e44e25d1b36106c9992b02de9c.jpg
37.776,-122.419,13_mp4-11_jpg.rf.c62f4e3fa67d3508e45c1a076c57a56f.jpg
37.777,-122.417,1_mp4-7_jpg.rf.e4bf20d1e037cdbddd350e12174878fe.jpg
37.776,-122.417,8_mp4-15_jpg.rf.dfb0a15fa6d3cd31bc959c8108103644.jpg
37.776,-122.416,11_mp4-5_jpg.rf.0f649cf86a28d3c1bf566457bd741fd2.jpg
37.775,-122.416,8_mp4-26_jpg.rf.7b7e31f78015a7f36049680f550f53de.jpg
37.775,-122.415,11_mp4-11_jpg.rf.a91d87ce59dd7218384471b1ce58700a.jpg
37.774,-122.415,13_mp4-19_jpg.rf.545677168812e2d50c6902861373205c.jpg
37.774,-122.414,test2_mp4-15_jpg.rf.908f4888d0fa2c7bde31ba6d17768cf8.jpg
37.774,-122.414,10_mp4-10_jpg.rf.b87509668caff369c5501325477e6d9a.jpg
37.774,-122.414,5_mp4-14_jpg.rf.28be876c6996527d359df0fe43306fc5.jpg
37.773,-122.413,10_mp4-3_jpg.rf.5a7c2c046737a3469d5e74a2c7e06d6e.jpg
37.773,-122.413,4_mp4-9_jpg.rf.e3a0948ae1c9e253e1926ed1a7f921e7.jpg
37.772,-122.412,1_mp4-10_jpg.rf.efbf093676a1b487d1e89066689cb42b.jpg
37.772,-122.412,test2_mp4-18_jpg.rf.dbc26dafb7497860bdd9af9f6dd86d97.jpg
37.772,-122.411,14_mp4-13_jpg.rf.a72cc7ec3a11f2749ce52f59d91bb8e2.jpg
37.771,-122.411,3_mp4-1_jpg.rf.e44963f8da0b658a9c42e5c77142f5bc.jpg
37.771,-122.411,test2_mp4-15_jpg.rf.908f4888d0fa2c7bde31ba6d17768cf8.jpg
37.771,-122.411,6_mp4-3_jpg.rf.effcef40b551938436308ac1eef276bc.jpg
37.771,-122.41,test_mp4-1_jpg.rf.4615955e7a34d3aba2cab0a6139833bf.jpg
37.77,-122.41,12_mp4-19_jpg.rf.724f36e12cf0d5c0de056306b2d256d3.jpg
37.77,-122.409,test2_mp4-18_jpg.rf.232eb0c62531b8d80bc603479037dd19.jpg
37.77,-122.409,13_mp4-14_jpg.rf.4408357b7b363f4bc01fa27757a03c30.jpg
37.77,-122.409,6_mp4-33_jpg.rf.6ad429103fd1e6642570c797db6d977e.jpg
37.77,-122.409,10_mp4-21_jpg.rf.f4a71342a87fe4b057dfdfd961ea7f56.jpg
37.77,-122.408,test_mp4-6_jpg.rf.6980438ce0143b3d0874bf68e4bb00c5.jpg
37.769,-122.407,2_mp4-3_jpg.rf.10fc94d0da3631b26544c48b19c49ae6.jpg
37.769,-122.407,15_mp4-7_jpg.rf.87ac7da6f082f9c7f77dc199b3d8fd6c.jpg
37.768,-122.406,test2_mp4-7_jpg.rf.e6fd259878736bb130789076b260d0c5.jpg
37.768,-122.406,14_mp4-14_jpg.rf.0dd244d20329d1cd7cb6853603cb6aa1.jpg
37.768,-122.406,11_mp4-11_jpg.rf.fb647644b7b36fa548c601bb315f68a3.jpg
37.768,-122.406,14_mp4-28_jpg.rf.4344efaadc635c8dd42d8f9186f1ad71.jpg
37.768,-122.406,10_mp4-41_jpg.rf.d0efdaec1b4597cff52e9db76cafcdc9.jpg
37.767,-122.406,10_mp4-48_jpg.rf.b136b51c70d8645bcb71e77a647c9c23.jpg
37.767,-122.405,7_mp4-2_jpg.rf.cf40db58b437d06043b53e19d2e5f924.jpg
37.767,-122.405,8_mp4-24_jpg.rf.a3f21fe2d8de6cf32b6e764621a472a9.jpg
37.767,-122.405,4_mp4-6_jpg.rf.e6aea79b034a43ab502918189dff7d18.jpg
37.764,-122.405,10_mp4-12_jpg.rf.daf65f51adfd1817d026f3d4c3cf3d4c.jpg
37.764,-122.405,8_mp4-17_jpg.rf.02e3d8a618f9ac724fa0c2f286c728b2.jpg
37.764,-122.405,13_mp4-17_jpg.rf.603c58983348a69f340496081c7c175d.jpg
37.763,-122.405,1_mp4-8_jpg.rf.2641280818f70f41aff18978dc2b189e.jpg
37.763,-122.405,12_mp4-7_jpg.rf.3772fccf9706393c58387ed585727446.jpg
37.763,-122.406,13_mp4-6_jpg.rf.684f923a639ff5c8659bf85ad06ffc0e.jpg
37.762,-122.406,4_mp4-0_jpg.rf.74d872ec0958f969f23f6bda0d061d3e.jpg
37.761,-122.406,12_mp4-7_jpg.rf.3772fccf9706393c58387ed585727446.jpg
37.761,-122.406,10_mp4-11_jpg.rf.eb1b06090bd1c1814b87c18a2661990a.jpg
37.761,-122.406,14_mp4-4_jpg.rf.9d07f2273b0b6fc023e7e16bc4133c90.jpg
37.761,-122.406,6_mp4-16_jpg.rf.ff6c214cc9d679ddbf98a384e6989b23.jpg
37.76,-122.406,11_mp4-22_jpg.rf.ad54dce64386ae27a580eaba4148fde4.jpg
37.76,-122.406,5_mp4-14_jpg.rf.00ee0a5c6158d66128aded7ba6c5e3c2.jpg
37.76,-122.406,5_mp4-0_jpg.rf.2696be0f494f104bce56016175f438dc.jpg
37.759,-122.406,test2_mp4-14_jpg.rf.9b21d06644b165842c77f0c5ace1af8c.jpg
37.759,-122.406,1_mp4-4_jpg.rf.721d802f68e593843318bd3b0a07087d.jpg
37.759,-122.406,6_mp4-21_jpg.rf.6c5b9419e6a48a636766242c33aaa8ae.jpg
37.759,-122.406,10_mp4-21_jpg.rf.f4a71342a87fe4b057dfdfd961ea7f56.jpg
37.758,-122.405,8_mp4-15_jpg.rf.203f38a51824a2752509ece8acd0a97b.jpg
37.758,-122.404,1_mp4-12_jpg.rf.b3f0e0fdf1b9edfa66e09ccd732b7610.jpg
37.757,-122.404,test3_mp4-11_jpg.rf.a8808a5434df4d7b43512ebec6c9930f.jpg
37.757,-122.404,6_mp4-40_jpg.rf.035c1330e112df02206a4761b21446a6.jpg
37.757,-122.404,6_mp4-6_jpg.rf.18ed9550b1a0eec93f1a395b19cb20d8.jpg
37.757,-122.404,12_mp4-7_jpg.rf.3772fccf9706393c58387ed585727446.jpg
37.757,-122.403,3_mp4-21_jpg.rf.6ac69fa7c83cd69137cb41ff9bf65af1.jpg
37.756,-122.403,11_mp4-0_jpg.rf.47b087257df01a5096eb2ac85f06b278.jpg
37.756,-122.403,13_mp4-7_jpg.rf.dd0f0e260a201d7e60b1df8705877838.jpg
37.755,-122.403,6_mp4-37_jpg.rf.5cc75f111b203c26d41614719c2ee50e.jpg
37.753,-122.403,2_mp4-7_jpg.rf.ecf31a5f0a3ade904c24d0fef1a18506.jpg
37.753,-122.403,test3_mp4-14_jpg.rf.4d418ce9fe701a7bfb020df31ac94f69.jpg
37.752,-122.403,6_mp4-15_jpg.rf.8004ad58a025777c63c98e28c7f97a40.jpg
37.752,-122.403,6_mp4-26_jpg.rf.aea45cf36b5f24e7ce9e81cafbc41131.jpg
37.751,-122.403,10_mp4-19_jpg.rf.55b753da9e84a61ecdb1322c020e746f.jpg
37.75,-122.404,2_mp4-16_jpg.rf.4b04bbdd5fae04f213e3c91e9c4b1b7d.jpg
37.748,-122.404,14_mp4-26_jpg.rf.fae0f0e4cbc5c3563680182e8dae8483.jpg
37.746,-122.405,13_mp4-13_jpg.rf.8a0240ede51d6ffd963d0cf7cf26eb3a.jpg
37.745,-122.405,15_mp4-14_jpg.rf.b901a8e524e01d09ebfd38f6413c670d.jpg
37.745,-122.405,14_mp4-1_jpg.rf.60830adb584408fa21d94c7d49fc5761.jpg
37.744,-122.406,14_mp4-1_jpg.rf.60830adb584408fa21d94c7d49fc5761.jpg
37.744,-122.406,test_mp4-17_jpg.rf.8eccce93a3d7b586f8a75e1f4d7f5727.jpg
37.742,-122.407,6_mp4-34_jpg.rf.aa50d3efc81bf097dea5f5253c154aaf.jpg
37.742,-122.408,14_mp4-25_jpg.rf.2a6c6c461210b5066240288447ce7606.jpg
37.741,-122.408,8_mp4-29_jpg.rf.627c51cafadf7b38a11bea975b6d07fd.jpg
37.741,-122.408,8_mp4-9_jpg.rf.96d62616cba7f1351137c379b83bbc6c.jpg
37.74,-122.408,6_mp4-7_jpg.rf.436beb74d5ff663cd4a3169a6f142812.jpg
37.739,-122.408,8_mp4-46_jpg.rf.3132ebe3a693515002395415e1ea853a.jpg
37.739,-122.408,10_mp4-2_jpg.rf.82a65b2ef22f38a52ab4a45b6734bd7f.jpg
37.739,-122.408,6_mp4-28_jpg.rf.9a9bcb32780aa931718551884825de05.jpg
37.739,-122.408,7_mp4-3_jpg.rf.6dcd52cc1740426e79a54b65ffb993f8.jpg
37.738,-122.408,8_mp4-40_jpg.rf.70bb12fa6e1c00bf2af3770845dbb47f.jpg
37.738,-122.408,7_mp4-14_jpg.rf.f7d5ef7b266e19a8e20bec772d6de106.jpg
37.738,-122.408,6_mp4-30_jpg.rf.b58c644f3265885bafe83b36369026eb.jpg
37.737,-122.408,7_mp4-21_jpg.rf.d9c3d2e856caf2596bb5e7885a25ca1e.jpg
37.736,-122.408,1_mp4-2_jpg.rf.a79f8eb621bf4ca2bef4cc2aa16f75e4.jpg
37.736,-122.407,5_mp4-15_jpg.rf.fa9fbe793e626eb4715d80ee7e9cc706.jpg
37.736,-122.407,5_mp4-10_jpg.rf.654cb269de522379187cee9e5c17a8b4.jpg
37.733,-122.406,10_mp4-27_jpg.rf.1b3ffdafb2f2340ccc9833ac3bc0bc1d.jpg
37.733,-122.406,8_mp4-38_jpg.rf.1429170c16453fae36f9508c0e735c8b.jpg
37.732,-122.405,3_mp4-13_jpg.rf.bf5e2f295c79987b456e033cb6739d7e.jpg
37.732,-122.405,6_mp4-3_jpg.rf.effcef40b551938436308ac1eef276bc.jpg
37.731,-122.404,test_mp4-8_jpg.rf.749a7dfc1055b0d8d1893eeabe69e9c7.jpg
37.73,-122.404,13_mp4-10_jpg.rf.0f17b5003834559e43156ea3fa7700e6.jpg
37.729,-122.404,1_mp4-6_jpg.rf.23b382bca47939ebcf23f544c0f33e42.jpg
37.728,-122.403,11_mp4-5_jpg.rf.c386c42521081b541dc1d2de420dbd6c.jpg
37.728,-122.403,2_mp4-19_jpg.rf.1dad49c01e0d743b9a1836c6d0ee6854.jpg
37.728,-122.403,6_mp4-16_jpg.rf.ff6c214cc9d679ddbf98a384e6989b23.jpg
37.727,-122.402,8_mp4-36_jpg.rf.4ecae1c1db8d348de07e4f6e9aeff577.jpg
37.724,-122.401,8_mp4-32_jpg.rf.2c6ea991e02f045b4f48e45f77c84f35.jpg
37.724,-122.401,13_mp4-0_jpg.rf.620b394144dc86057a91d894c3d9fc3f.jpg
37.723,-122.401,8_mp4-46_jpg.rf.d21b7bff3878804690dde85ce0ae2d7d.jpg
37.722,-122.401,6_mp4-35_jpg.rf.48307485007b75d42c317ef120f39758.jpg
37.721,-122.4,7_mp4-3_jpg.rf.6dcd52cc1740426e79a54b65ffb993f8.jpg
37.72,-122.4,4_mp4-3_jpg.rf.7eeb9f783d65ed301251957118f8b979.jpg
37.719,-122.4,10_mp4-5_jpg.rf.4658c3b313fae76b64c72163de6ffa3a.jpg
37.718,-122.4,test_mp4-19_jpg.rf.f7d961917a8ad26e4907e193353ae4aa.jpg
37.718,-122.4,12_mp4-3_jpg.rf.67c910ead2f715a757a80458d7590828.jpg
37.718,-122.4,14_mp4-22_jpg.rf.864085c1afac497201c5163fee862d09.jpg
37.718,-122.4,16_mp4-0_jpg.rf.fff3fd2cdb4558d95c9737836ec78767.jpg
37.718,-122.4,6_mp4-13_jpg.rf.a065f14e787f2be7a3d9f2149256f7ed.jpg
37.717,-122.4,test3_mp4-0_jpg.rf.dc0ac3591666d7ed5e8fefa5b41836ff.jpg
37.717,-122.399,11_mp4-19_jpg.rf.f43787f647e4ab8015eb19adf9168a1a.jpg
37.716,-122.399,13_mp4-14_jpg.rf.347d62482862a92cbfa009ce06e6ca82.jpg
37.715,-122.398,3_mp4-1_jpg.rf.e44963f8da0b658a9c42e5c77142f5bc.jpg
37.715,-122.398,2_mp4-13_jpg.rf.cd1dd2a44c560f709b2279d1589da640.jpg
37.714,-122.398,2_mp4-18_jpg.rf.5a293877d4a4d20a8bfa9cdf7e062acd.jpg
37.714,-122.397,test3_mp4-2_jpg.rf.0eb8b9c1b003d3e856e0e3d959904d0d.jpg
37.713,-122.397,6_mp4-30_jpg.rf.eb11f9c9f408d358d4f5b46ab23c06c4.jpg
37.713,-122.397,13_mp4-3_jpg.rf.e2c753716f39f02eb40f213a7b15a6c7.jpg
37.713,-122.396,10_mp4-42_jpg.rf.f9b68b0eda6ceec8b0447dfbe184600d.jpg
37.712,-122.396,7_mp4-19_jpg.rf.d65d7d237b3ca73a7471f51c3dd07a30.jpg
37.712,-122.396,10_mp4-4_jpg.rf.e249d623a8a9739d0c00dcbb592235d2.jpg
37.711,-122.396,test3_mp4-11_jpg.rf.56a66f6b9812f034e114bfe034e960c1.jpg
37.711,-122.396,15_mp4-7_jpg.rf.87ac7da6f082f9c7f77dc199b3d8fd6c.jpg
37.71,-122.396,test2_mp4-5_jpg.rf.4a09fadc41431ce8f47ec493e6607738.jpg
37.709,-122.395,12_mp4-32_jpg.rf.cd0b9192eb8996e8e68b022bcd304668.jpg
37.708,-122.395,15_mp4-14_jpg.rf.b901a8e524e01d09ebfd38f6413c670d.jpg
37.708,-122.395,14_mp4-8_jpg.rf.6a5cd35540382c3fbe00632805ba7a18.jpg
37.708,-122.395,5_mp4-6_jpg.rf.04e04ecd253fee0a91865546faf4f0d0.jpg
37.706,-122.395,7_mp4-2_jpg.rf.cf40db58b437d06043b53e19d2e5f924.jpg
37.704,-122.394,test3_mp4-2_jpg.rf.0eb8b9c1b003d3e856e0e3d959904d0d.jpg
37.693,-122.392,10_mp4-5_jpg.rf.4658c3b313fae76b64c72163de6ffa3a.jpg
37.69,-122.391,10_mp4-41_jpg.rf.d0efdaec1b4597cff52e9db76cafcdc9.jpg
37.689,-122.391,10_mp4-49_jpg.rf.9c1d8359286be990fd5f0568c9e45d86.jpg
37.682,-122.389,2_mp4-9_jpg.rf.a577fbe347e44a73a27f71bef2280343.jpg
37.68,-122.389,2_mp4-23_jpg.rf.9630295f3c98ec2ad851a859992d2527.jpg
37.679,-122.389,test3_mp4-13_jpg.rf.5aa0cbc72fb04ebdd5d34600138fc729.jpg
37.678,-122.388,13_mp4-6_jpg.rf.8754cfc4bf82ba3d680be9ed0db01c2a.jpg
37.678,-122.389,8_mp4-41_jpg.rf.9f3b79836e8477ef0f9dc2122e2a34f2.jpg
37.677,-122.389,test_mp4-6_jpg.rf.ab38a9d333977a3fcab122470c9e0f1e.jpg
37.677,-122.389,test3_mp4-13_jpg.rf.5aa0cbc72fb04ebdd5d34600138fc729.jpg
37.676,-122.389,15_mp4-13_jpg.rf.9db8e6e1794b41046ffba60cc31ab27d.jpg
37.675,-122.389,6_mp4-3_jpg.rf.effcef40b551938436308ac1eef276bc.jpg
37.674,-122.39,8_mp4-44_jpg.rf.963a709ba0be12904630b0bb1b8d47b0.jpg
37.674,-122.39,7_mp4-12_jpg.rf.28303fed2256dac5798dbf0f4f23145a.jpg
37.673,-122.39,4_mp4-6_jpg.rf.a1790a3342455a63f510d31ed789421d.jpg
37.673,-122.391,test2_mp4-7_jpg.rf.16ac55ef0554d1232db8749f7ed0f8be.jpg
37.672,-122.391,test_mp4-1_jpg.rf.0ab9c0b7d95152a8e5d6cfa749695d32.jpg
37.671,-122.392,test2_mp4-6_jpg.rf.7854ea55c88c26a6a3b349e31fcb9964.jpg
37.67,-122.392,14_mp4-26_jpg.rf.fae0f0e4cbc5c3563680182e8dae8483.jpg
37.67,-122.393,7_mp4-4_jpg.rf.86a25e64a8eb7928deb532b33d906cce.jpg
37.669,-122.393,11_mp4-23_jpg.rf.b0fe1d09f0660fff16ef09a7b9a44ed3.jpg
37.667,-122.395,10_mp4-24_jpg.rf.3cb03ff26f564f1cfcb327a6cb47c6d5.jpg
37.666,-122.397,10_mp4-33_jpg.rf.add6b975cf392d2aac79161bfc3de4a5.jpg
37.665,-122.398,test3_mp4-16_jpg.rf.7914586ca52488f782f794b4c4a85e9f.jpg
37.664,-122.399,14_mp4-27_jpg.rf.51ccb25c5a85fe582a56186a9a605ecc.jpg
37.663,-122.4,2_mp4-2_jpg.rf.21f08e5a11fdf6bc50e4e7eb17f02a4f.jpg
37.661,-122.403,2_mp4-3_jpg.rf.10fc94d0da3631b26544c48b19c49ae6.jpg
37.661,-122.403,5_mp4-18_jpg.rf.a100a7aa041746e8df5dbfa2898a2e57.jpg
37.661,-122.404,10_mp4-28_jpg.rf.7d87467428bd81c5ec26717ae744e02f.jpg
37.66,-122.404,test2_mp4-20_jpg.rf.7404c2acdcbf75fd5c4afba3de8d93c7.jpg
37.66,-122.405,8_mp4-21_jpg.rf.a7f38083157e21d4172d02da10ec8a42.jpg
37.659,-122.405,12_mp4-14_jpg.rf.745d1563d30c2ddd0fc4a18d335a314d.jpg
37.659,-122.405,11_mp4-5_jpg.rf.c386c42521081b541dc1d2de420dbd6c.jpg
37.658,-122.406,6_mp4-40_jpg.rf.035c1330e112df02206a4761b21446a6.jpg
37.657,-122.406,10_mp4-49_jpg.rf.9c1d8359286be990fd5f0568c9e45d86.jpg
37.656,-122.407,4_mp4-6_jpg.rf.a1790a3342455a63f510d31ed789421d.jpg
37.656,-122.407,15_mp4-3_jpg.rf.571ef78f735494ec58a6dc47ca2b24c1.jpg
37.655,-122.407,13_mp4-7_jpg.rf.51c6d54bb83147769c799a41acbcaa9b.jpg
37.655,-122.407,8_mp4-31_jpg.rf.e7660e0606787d80a49f7c371a3a9432.jpg
37.654,-122.407,11_mp4-8_jpg.rf.a518f66363f060be88615a28505cf9cc.jpg
37.654,-122.407,11_mp4-3_jpg.rf.2b5cba201b56df739b95e501427ac5f1.jpg
37.653,-122.407,2_mp4-2_jpg.rf.21f08e5a11fdf6bc50e4e7eb17f02a4f.jpg
37.652,-122.407,8_mp4-23_jpg.rf.147994ef197c5473097110bf803922c0.jpg
37.651,-122.407,10_mp4-40_jpg.rf.c87ea31b3ee340155d9d5a389565aa13.jpg
37.651,-122.407,11_mp4-20_jpg.rf.07891e59b6d3fd6ff19d61eac9cdc89c.jpg
37.65,-122.407,test2_mp4-4_jpg.rf.a20b7a6e45f87da6fb6a63f76ec8130d.jpg
37.65,-122.407,11_mp4-26_jpg.rf.5cfd0a1600babb3cfe874e81aad8ffff.jpg
37.649,-122.407,12_mp4-9_jpg.rf.6ef67b89a1db64a28d72b3fc76166f18.jpg
37.648,-122.407,test2_mp4-7_jpg.rf.e6fd259878736bb130789076b260d0c5.jpg
37.644,-122.406,test_mp4-18_jpg.rf.388f58f0bcc577efbe1e6c6d07374fcb.jpg
37.642,-122.406,12_mp4-0_jpg.rf.13768a6bc89343d1f3a551945edea8ed.jpg
37.642,-122.406,10_mp4-8_jpg.rf.45d7b1ba52914a549a80bc090945bd61.jpg
37.641,-122.406,10_mp4-27_jpg.rf.130965de5fdc30b45137233ee4f810f5.jpg
37.64,-122.406,14_mp4-16_jpg.rf.b6aa0a4716ba080dde464b36bb97c65c.jpg
37.639,-122.406,8_mp4-32_jpg.rf.2c6ea991e02f045b4f48e45f77c84f35.jpg
37.639,-122.405,6_mp4-4_jpg.rf.baf02d172b17a1b2962d01a92bff3569.jpg
37.638,-122.405,3_mp4-1_jpg.rf.e44963f8da0b658a9c42e5c77142f5bc.jpg
37.637,-122.404,10_mp4-48_jpg.rf.b136b51c70d8645bcb71e77a647c9c23.jpg
37.636,-122.404,2_mp4-18_jpg.rf.c0f24f4c0367d04d9f71eb53518c84d5.jpg
37.636,-122.404,10_mp4-43_jpg.rf.4bcb6ffca030d883c8c959a810a21398.jpg
37.635,-122.403,2_mp4-23_jpg.rf.d6c70bd918c7036dc4822fed74817bad.jpg
37.634,-122.403,5_mp4-3_jpg.rf.ceca85e307966190ef2dc0444b462490.jpg
37.633,-122.403,10_mp4-27_jpg.rf.130965de5fdc30b45137233ee4f810f5.jpg
37.631,-122.403,11_mp4-8_jpg.rf.76097ce0ac4ef6c0a569cae4a890a860.jpg
37.629,-122.403,6_mp4-37_jpg.rf.5cc75f111b203c26d41614719c2ee50e.jpg
37.628,-122.402,test2_mp4-15_jpg.rf.908f4888d0fa2c7bde31ba6d17768cf8.jpg
37.628,-122.402,10_mp4-36_jpg.rf.28a8e51eebbdaefee515582821f1c033.jpg
37.627,-122.402,12_mp4-17_jpg.rf.6a153289ca1f5817e71ca17f37e1c8e3.jpg
37.625,-122.402,13_mp4-8_jpg.rf.06ea4dc0c5748837919fe2c225a092e1.jpg
37.624,-122.401,8_mp4-2_jpg.rf.8462155edecc784ea2e3184fa218afb7.jpg
37.623,-122.401,12_mp4-19_jpg.rf.f8f06d8f32d5f07d8ad929cd877f1149.jpg
37.622,-122.4,1_mp4-1_jpg.rf.9115af93de4cbf89e48a9c33dfe996c8.jpg
37.617,-122.399,11_mp4-4_jpg.rf.c43aaf1a74e6c48925ba391c97956a8c.jpg
37.616,-122.398,5_mp4-28_jpg.rf.bb1927e742e0782befed866576bb87d9.jpg
37.615,-122.398,3_mp4-13_jpg.rf.bf5e2f295c79987b456e033cb6739d7e.jpg
37.615,-122.398,11_mp4-21_jpg.rf.92f54914eeac90df65bd9276453d6b5a.jpg
37.614,-122.397,3_mp4-1_jpg.rf.e44963f8da0b658a9c42e5c77142f5bc.jpg
37.613,-122.396,6_mp4-26_jpg.rf.feda78d82b8fd572031f985d42e89285.jpg
37.613,-122.396,3_mp4-7_jpg.rf.a244ca9fac9c14239bd81b11985de853.jpg
37.612,-122.395,7_mp4-7_jpg.rf.56e4e81d0c272cf24f32de07ea200ae1.jpg
37.612,-122.394,6_mp4-5_jpg.rf.ba3f856015d56022ad3a0d584216405e.jpg
37.611,-122.394,10_mp4-34_jpg.rf.24149d8b7f6202bae6717110780e5c95.jpg
37.61,-122.391,14_mp4-14_jpg.rf.0dd244d20329d1cd7cb6853603cb6aa1.jpg
37.608,-122.389,3_mp4-1_jpg.rf.e44963f8da0b658a9c42e5c77142f5bc.jpg
37.608,-122.389,8_mp4-23_jpg.rf.147994ef197c5473097110bf803922c0.jpg
37.607,-122.387,1_mp4-6_jpg.rf.b1942799e938382319ad0a67b09f5737.jpg
37.606,-122.386,10_mp4-44_jpg.rf.57a54adb829943b4a4e208c0b2176b53.jpg
37.605,-122.384,6_mp4-12_jpg.rf.e719ef93a518a13b4653899c443a0479.jpg
37.603,-122.382,test2_mp4-18_jpg.rf.232eb0c62531b8d80bc603479037dd19.jpg
37.601,-122.379,2_mp4-20_jpg.rf.aab1691e52ece29104fede43c3134172.jpg
37.6,-122.376,14_mp4-4_jpg.rf.9d07f2273b0b6fc023e7e16bc4133c90.jpg
37.597,-122.373,8_mp4-4_jpg.rf.8f2767c92032b487e0abaaaa4dd1c986.jpg
37.593,-122.365,13_mp4-14_jpg.rf.4408357b7b363f4bc01fa27757a03c30.jpg
37.589,-122.36,15_mp4-4_jpg.rf.798599fc657377631280430897f2b095.jpg
37.589,-122.36,12_mp4-20_jpg.rf.f49080daab734a25af85d858615f1d1e.jpg
37.589,-122.359,7_mp4-23_jpg.rf.d45346bc100c9c6a0100ee7757843cb7.jpg
37.588,-122.358,14_mp4-29_jpg.rf.34ff90a6933dde0cddf6f6a4a92e5c8e.jpg
37.588,-122.357,10_mp4-5_jpg.rf.4658c3b313fae76b64c72163de6ffa3a.jpg
37.588,-122.356,3_mp4-23_jpg.rf.1795ebf65f44c643262e9abc56d89104.jpg
37.587,-122.356,14_mp4-9_jpg.rf.626683e5af82a80084007a2e8ef946f6.jpg
37.587,-122.355,13_mp4-3_jpg.rf.c4e1d23f8cb1d10f46bd93ba7935b850.jpg
37.587,-122.354,10_mp4-38_jpg.rf.55f0590d14f6c99d48c77d167c621314.jpg
37.587,-122.353,10_mp4-6_jpg.rf.1ccc4d77ec0dabdcecdce2ed942c886b.jpg
37.587,-122.334,7_mp4-12_jpg.rf.fc3f776e4a98caedafc6711fac3a8b0a.jpg
37.587,-122.334,11_mp4-4_jpg.rf.c43aaf1a74e6c48925ba391c97956a8c.jpg
37.586,-122.333,test_mp4-4_jpg.rf.a4ab418c6cdcc81f49484a8aa098b691.jpg
37.586,-122.332,10_mp4-42_jpg.rf.f9b68b0eda6ceec8b0447dfbe184600d.jpg
37.586,-122.332,test_mp4-16_jpg.rf.b12a186127cb94dc8bc944a0ef428251.jpg
37.586,-122.331,12_mp4-19_jpg.rf.724f36e12cf0d5c0de056306b2d256d3.jpg
37.586,-122.331,7_mp4-1_jpg.rf.0aca74d617d7e49e8ce1b361f55bd39a.jpg
37.586,-122.331,12_mp4-32_jpg.rf.cd0b9192eb8996e8e68b022bcd304668.jpg
37.586,-122.33,8_mp4-27_jpg.rf.47cd92661c6e4878374fc41c0f01882a.jpg
37.585,-122.33,6_mp4-19_jpg.rf.046761a7ae1ec88f274374a6fa8ddbcc.jpg
37.585,-122.33,13_mp4-8_jpg.rf.4b59181b0d71d00ba84f2925c6ed2413.jpg
37.585,-122.329,7_mp4-10_jpg.rf.c3df3fd718070345f01ea88314409a89.jpg
37.582,-122.326,10_mp4-28_jpg.rf.7d87467428bd81c5ec26717ae744e02f.jpg
37.581,-122.325,10_mp4-43_jpg.rf.4bcb6ffca030d883c8c959a810a21398.jpg
37.579,-122.323,test2_mp4-15_jpg.rf.d170bb8cf4bbd1a3c88670de869cbcc6.jpg
37.573,-122.316,10_mp4-5_jpg.rf.4658c3b313fae76b64c72163de6ffa3a.jpg
37.572,-122.316,10_mp4-45_jpg.rf.5aaed7f7db29ad6c15a4b18a7ecc0b7e.jpg
37.568,-122.311,1_mp4-11_jpg.rf.a41edc350c5d4dbdd6c00f77c9245233.jpg
37.565,-122.307,6_mp4-34_jpg.rf.aa50d3efc81bf097dea5f5253c154aaf.jpg
37.561,-122.304,14_mp4-8_jpg.rf.7d2094c86c3594bbf5da59e3777ee929.jpg
37.561,-122.304,11_mp4-5_jpg.rf.0f649cf86a28d3c1bf566457bd741fd2.jpg
37.56,-122.303,8_mp4-17_jpg.rf.02e3d8a618f9ac724fa0c2f286c728b2.jpg
37.56,-122.303,1_mp4-1_jpg.rf.28673bb16c8118ae1ea27e334cc38be5.jpg
37.56,-122.303,2_mp4-20_jpg.rf.aab1691e52ece29104fede43c3134172.jpg
37.559,-122.302,8_mp4-35_jpg.rf.1b0d94f9aebaab5c97c7acf5c9eab6f3.jpg
37.558,-122.3,10_mp4-37_jpg.rf.dd8108fe58b63d6e952658e2dec667a1.jpg
37.557,-122.3,5_mp4-0_jpg.rf.2696be0f494f104bce56016175f438dc.jpg
37.555,-122.298,12_mp4-14_jpg.rf.745d1563d30c2ddd0fc4a18d335a314d.jpg
37.554,-122.296,7_mp4-2_jpg.rf.cf40db58b437d06043b53e19d2e5f924.jpg
37.553,-122.296,11_mp4-17_jpg.rf.33e375d128d7ce910854936b2175e4c6.jpg
37.553,-122.296,8_mp4-15_jpg.rf.dfb0a15fa6d3cd31bc959c8108103644.jpg
37.551,-122.294,test3_mp4-14_jpg.rf.4d418ce9fe701a7bfb020df31ac94f69.jpg
37.551,-122.294,11_mp4-20_jpg.rf.07891e59b6d3fd6ff19d61eac9cdc89c.jpg
37.549,-122.292,1_mp4-2_jpg.rf.574ccc47458551b67abef255fb54f372.jpg
37.548,-122.291,test2_mp4-11_jpg.rf.87755ad3684d15a90b06f8a10c54fabd.jpg
37.545,-122.288,test3_mp4-10_jpg.rf.11bdfe9aaa5fd635b6cdf7e40c75d018.jpg
37.543,-122.286,10_mp4-36_jpg.rf.a82ecfeefb23c88da241fce04c254075.jpg
37.541,-122.285,10_mp4-21_jpg.rf.fdf9ca13094603f25c5323c71537b39c.jpg
37.541,-122.285,12_mp4-5_jpg.rf.598eb70537e759bb3ff0127826bad1c1.jpg
37.538,-122.282,6_mp4-25_jpg.rf.e8c0b76723f677598e6863520ec02e2e.jpg
37.534,-122.279,10_mp4-33_jpg.rf.add6b975cf392d2aac79161bfc3de4a5.jpg
37.534,-122.278,6_mp4-11_jpg.rf.b7bd3f6daf1e3a43806fc9b03b2ecea5.jpg
37.532,-122.276,8_mp4-26_jpg.rf.d1d84377404e6a3d651b85399f209cc6.jpg
37.531,-122.275,11_mp4-0_jpg.rf.44c373b7b04605f8f7d1a8228baf9938.jpg
37.53,-122.274,11_mp4-0_jpg.rf.44c373b7b04605f8f7d1a8228baf9938.jpg
37.529,-122.273,5_mp4-17_jpg.rf.2e3ed9c1f0377b9c96f90eca8f4bdb89.jpg
37.523,-122.267,test3_mp4-10_jpg.rf.11bdfe9aaa5fd635b6cdf7e40c75d018.jpg
37.521,-122.265,11_mp4-18_jpg.rf.a95aa1242272f730fde1eff19f24fbc0.jpg
37.521,-122.265,2_mp4-12_jpg.rf.08051924f664b1dc51e25fa408609527.jpg
37.52,-122.263,11_mp4-25_jpg.rf.6edda502e0039d2148e4727277d62ee5.jpg
37.517,-122.26,10_mp4-10_jpg.rf.b87509668caff369c5501325477e6d9a.jpg
37.516,-122.259,15_mp4-1_jpg.rf.4462bddda8bb6bd7cef780afdbd42a90.jpg
37.516,-122.258,test_mp4-17_jpg.rf.8eccce93a3d7b586f8a75e1f4d7f5727.jpg
37.506,-122.248,13_mp4-19_jpg.rf.545677168812e2d50c6902861373205c.jpg
37.504,-122.245,8_mp4-43_jpg.rf.7efe27cd84227a7064943a3fa528be0c.jpg
37.502,-122.243,test3_mp4-15_jpg.rf.1fac3e2c2d15c1be7beeac54f1257278.jpg
37.5,-122.24,7_mp4-7_jpg.rf.56e4e81d0c272cf24f32de07ea200ae1.jpg
37.499,-122.24,2_mp4-18_jpg.rf.5a293877d4a4d20a8bfa9cdf7e062acd.jpg
37.499,-122.239,10_mp4-3_jpg.rf.5a7c2c046737a3469d5e74a2c7e06d6e.jpg
37.498,-122.239,5_mp4-3_jpg.rf.ceca85e307966190ef2dc0444b462490.jpg
37.498,-122.238,test2_mp4-20_jpg.rf.7404c2acdcbf75fd5c4afba3de8d93c7.jpg
37.498,-122.238,6_mp4-11_jpg.rf.daf2e6df3b3bc1aae86610a58bf141ba.jpg
37.498,-122.237,13_mp4-3_jpg.rf.c4e1d23f8cb1d10f46bd93ba7935b850.jpg
37.497,-122.236,test2_mp4-20_jpg.rf.5f56c19d629aec9af8972f03b80764b4.jpg
37.497,-122.236,3_mp4-7_jpg.rf.6a4f5863e2cbb994ec424cf728a19a6d.jpg
37.497,-122.235,10_mp4-47_jpg.rf.c9acbc3f5131327b281f3c4efd496455.jpg
37.496,-122.232,test2_mp4-4_jpg.rf.a20b7a6e45f87da6fb6a63f76ec8130d.jpg
37.495,-122.229,5_mp4-23_jpg.rf.1af6945901aadab59e9ee210b568c1cb.jpg
37.494,-122.227,11_mp4-16_jpg.rf.574de6263b4b33aa750d85b243d4671c.jpg
37.494,-122.226,test3_mp4-11_jpg.rf.a8808a5434df4d7b43512ebec6c9930f.jpg
37.494,-122.224,14_mp4-6_jpg.rf.ec7d015efb0295a10936351106b40fd0.jpg
37.493,-122.223,2_mp4-12_jpg.rf.9e1176035b38e59879d9744521174cc9.jpg
37.491,-122.219,7_mp4-1_jpg.rf.0aca74d617d7e49e8ce1b361f55bd39a.jpg
37.49,-122.217,8_mp4-23_jpg.rf.147994ef197c5473097110bf803922c0.jpg
37.49,-122.216,10_mp4-49_jpg.rf.9c1d8359286be990fd5f0568c9e45d86.jpg
37.49,-122.215,8_mp4-25_jpg.rf.17b87829fcab7614f59da979438029f5.jpg
37.489,-122.215,test_mp4-6_jpg.rf.6980438ce0143b3d0874bf68e4bb00c5.jpg
37.489,-122.214,14_mp4-6_jpg.rf.ec7d015efb0295a10936351106b40fd0.jpg
37.489,-122.213,test_mp4-12_jpg.rf.9b0b7e964f77dc4b08ed5a5bd7b2a809.jpg
37.489,-122.213,test_mp4-6_jpg.rf.ab38a9d333977a3fcab122470c9e0f1e.jpg
37.489,-122.212,7_mp4-9_jpg.rf.a10a055515d62a73d4c5e357164e1328.jpg
37.488,-122.211,11_mp4-14_jpg.rf.a6c45353302e18201614a5b3f5a375a9.jpg
37.488,-122.209,6_mp4-19_jpg.rf.046761a7ae1ec88f274374a6fa8ddbcc.jpg
37.488,-122.208,14_mp4-20_jpg.rf.26e5de0273080c4d9ce394feed68f5c3.jpg
37.488,-122.208,11_mp4-3_jpg.rf.2b5cba201b56df739b95e501427ac5f1.jpg
37.487,-122.206,test2_mp4-20_jpg.rf.7404c2acdcbf75fd5c4afba3de8d93c7.jpg
37.485,-122.189,test3_mp4-9_jpg.rf.ad91cc5f0adc2a68f4e733329c9d06ea.jpg
37.485,-122.188,test_mp4-6_jpg.rf.ab38a9d333977a3fcab122470c9e0f1e.jpg
37.485,-122.187,10_mp4-20_jpg.rf.aa955ef0c5dbb1974c6c0b13628f93b2.jpg
37.485,-122.186,13_mp4-2_jpg.rf.a5367935c024920330f69e3be7d73d17.jpg
37.485,-122.185,5_mp4-14_jpg.rf.00ee0a5c6158d66128aded7ba6c5e3c2.jpg
37.484,-122.184,10_mp4-7_jpg.rf.d2804558f98e3290a1fa542cbb5d9cc9.jpg
37.484,-122.183,8_mp4-15_jpg.rf.dfb0a15fa6d3cd31bc959c8108103644.jpg
37.484,-122.182,8_mp4-5_jpg.rf.467fa1e6a1c1e4b5eca5dbbee2f6ea79.jpg
37.484,-122.181,2_mp4-8_jpg.rf.8912d23559a90d712ef2cacace5a3370.jpg
37.483,-122.181,8_mp4-33_jpg.rf.f43198a40d00d999acb21250bb837256.jpg
37.483,-122.181,10_mp4-38_jpg.rf.55f0590d14f6c99d48c77d167c621314.jpg
37.483,-122.179,10_mp4-47_jpg.rf.c9acbc3f5131327b281f3c4efd496455.jpg
37.482,-122.179,12_mp4-7_jpg.rf.284c9be103a7a8ce600e4b551456f733.jpg
37.482,-122.178,12_mp4-0_jpg.rf.13768a6bc89343d1f3a551945edea8ed.jpg
37.482,-122.178,13_mp4-3_jpg.rf.e2c753716f39f02eb40f213a7b15a6c7.jpg
37.482,-122.177,10_mp4-30_jpg.rf.73eafea5e7f73f941543d3dcbe68afe4.jpg
37.477,-122.17,test2_mp4-20_jpg.rf.7404c2acdcbf75fd5c4afba3de8d93c7.jpg
37.475,-122.166,8_mp4-20_jpg.rf.fb2946039ab2fa5483033e878241e22a.jpg
37.471,-122.158,13_mp4-6_jpg.rf.684f923a639ff5c8659bf85ad06ffc0e.jpg
37.468,-122.154,15_mp4-5_jpg.rf.578602d6c0a234eaab93e9e6aecf66c2.jpg
37.468,-122.153,13_mp4-8_jpg.rf.06ea4dc0c5748837919fe2c225a092e1.jpg
37.467,-122.153,5_mp4-7_jpg.rf.8624d28bb3c29c80ec9283fdab5f19e8.jpg
37.466,-122.151,11_mp4-11_jpg.rf.a91d87ce59dd7218384471b1ce58700a.jpg
37.464,-122.147,8_mp4-26_jpg.rf.d1d84377404e6a3d651b85399f209cc6.jpg
37.463,-122.145,4_mp4-3_jpg.rf.24133af9a76ae8e25d2271059cd57edd.jpg
37.462,-122.144,15_mp4-12_jpg.rf.1f65bc481957ccc0786c4cc7b62b6264.jpg
37.461,-122.142,test2_mp4-7_jpg.rf.16ac55ef0554d1232db8749f7ed0f8be.jpg
37.458,-122.137,2_mp4-18_jpg.rf.5a293877d4a4d20a8bfa9cdf7e062acd.jpg
37.458,-122.136,15_mp4-1_jpg.rf.d9e25b0686dad85b97ebd560d917fb67.jpg
37.453,-122.128,6_mp4-40_jpg.rf.035c1330e112df02206a4761b21446a6.jpg
37.453,-122.128,13_mp4-2_jpg.rf.a5367935c024920330f69e3be7d73d17.jpg
37.453,-122.128,14_mp4-28_jpg.rf.4344efaadc635c8dd42d8f9186f1ad71.jpg
37.452,-122.127,2_mp4-23_jpg.rf.9630295f3c98ec2ad851a859992d2527.jpg
37.452,-122.126,5_mp4-6_jpg.rf.04e04ecd253fee0a91865546faf4f0d0.jpg
37.451,-122.126,test_mp4-14_jpg.rf.fd8f574abb39fad1d9229ff62da83e00.jpg
37.451,-122.125,1_mp4-1_jpg.rf.28673bb16c8118ae1ea27e334cc38be5.jpg
37.45,-122.125,5_mp4-13_jpg.rf.166ca64d0df04d97b7bfef546859ecb6.jpg
37.445,-122.119,13_mp4-19_jpg.rf.545677168812e2d50c6902861373205c.jpg
37.44,-122.114,10_mp4-15_jpg.rf.54247e977cdc30cf8b27ca8fb7b87871.jpg
37.44,-122.114,1_mp4-11_jpg.rf.a41edc350c5d4dbdd6c00f77c9245233.jpg
37.44,-122.114,6_mp4-15_jpg.rf.8004ad58a025777c63c98e28c7f97a40.jpg
37.432,-122.106,3_mp4-16_jpg.rf.00d2a912cb0a5227257a2d6f18fbca29.jpg
37.432,-122.105,1_mp4-2_jpg.rf.574ccc47458551b67abef255fb54f372.jpg
37.431,-122.104,7_mp4-0_jpg.rf.caff8c9896c6f6985f2dd82b83657e4e.jpg
37.428,-122.101,12_mp4-26_jpg.rf.43acbba3d5b062f823f545eca92636fd.jpg
37.426,-122.099,10_mp4-14_jpg.rf.0f71b11f7cbb40b498e9f8032bf9a51c.jpg
37.425,-122.098,2_mp4-18_jpg.rf.5a293877d4a4d20a8bfa9cdf7e062acd.jpg
37.425,-122.098,8_mp4-27_jpg.rf.47cd92661c6e4878374fc41c0f01882a.jpg
37.424,-122.096,6_mp4-2_jpg.rf.93839f8a7f08d9dbdc08e77656f9ab9d.jpg
37.421,-122.093,test_mp4-17_jpg.rf.8eccce93a3d7b586f8a75e1f4d7f5727.jpg
37.421,-122.092,10_mp4-33_jpg.rf.add6b975cf392d2aac79161bfc3de4a5.jpg
37.418,-122.089,6_mp4-28_jpg.rf.9a9bcb32780aa931718551884825de05.jpg
37.415,-122.084,11_mp4-21_jpg.rf.92f54914eeac90df65bd9276453d6b5a.jpg
37.414,-122.083,2_mp4-2_jpg.rf.87fc5764ed2380b33a29eec7da3416b6.jpg
37.414,-122.083,14_mp4-1_jpg.rf.f03077b02611b006acf86cadf0ef0672.jpg
37.414,-122.082,1_mp4-3_jpg.rf.f92d5d0c2629b03306c8fa91917f3ebf.jpg
37.414,-122.082,2_mp4-20_jpg.rf.aab1691e52ece29104fede43c3134172.jpg
37.413,-122.081,12_mp4-21_jpg.rf.9d2986bb8a605563c3006bae400e21ff.jpg
37.412,-122.079,10_mp4-29_jpg.rf.11ac820cd8ab2ff5beac952edd73282b.jpg
37.412,-122.078,test2_mp4-3_jpg.rf.c32e2f78759e8d07b9abe9c2b6575d76.jpg
37.412,-122.078,test3_mp4-16_jpg.rf.545af2db76904c26b74606db905d934b.jpg
37.412,-122.078,15_mp4-4_jpg.rf.798599fc657377631280430897f2b095.jpg
37.411,-122.076,8_mp4-34_jpg.rf.5628b69630116859633feaa1b4062547.jpg
37.411,-122.076,test3_mp4-0_jpg.rf.cb97f052b603304f6ed0506c7f741feb.jpg
37.411,-122.075,11_mp4-19_jpg.rf.047b3b6425c092b819188747274907f9.jpg
37.411,-122.075,5_mp4-7_jpg.rf.8624d28bb3c29c80ec9283fdab5f19e8.jpg
37.41,-122.075,2_mp4-6_jpg.rf.66388163cccfee91e074cd4fcf94b370.jpg
37.41,-122.074,10_mp4-42_jpg.rf.f9b68b0eda6ceec8b0447dfbe184600d.jpg
37.409,-122.072,5_mp4-23_jpg.rf.b5a2feb8c6c3748bcfeb81e8e5e50044.jpg
37.409,-122.071,11_mp4-27_jpg.rf.b50ed53071de55bd4882d8401cd4764d.jpg
37.408,-122.07,11_mp4-14_jpg.rf.a6c45353302e18201614a5b3f5a375a9.jpg
37.408,-122.069,11_mp4-23_jpg.rf.ccaf85702e19a073ba49b4814d15e282.jpg
37.408,-122.068,test2_mp4-14_jpg.rf.9b21d06644b165842c77f0c5ace1af8c.jpg
37.408,-122.066,14_mp4-19_jpg.rf.10897316d2e82a9221d952e5b6da6974.jpg
37.407,-122.066,12_mp4-23_jpg.rf.2d867a2c21f60ad6738206710c8edf1b.jpg
37.407,-122.066,6_mp4-9_jpg.rf.a9b36dee5db121dc1cb557b779f5b2c5.jpg
37.407,-122.065,14_mp4-6_jpg.rf.3260caea303ecfec1d3677f1fc50ad5d.jpg
37.407,-122.064,11_mp4-26_jpg.rf.5cfd0a1600babb3cfe874e81aad8ffff.jpg
37.405,-122.056,test_mp4-14_jpg.rf.fd8f574abb39fad1d9229ff62da83e00.jpg
37.405,-122.055,2_mp4-8_jpg.rf.25c000e17a6f603a228386f9780e87a1.jpg
37.404,-122.052,15_mp4-3_jpg.rf.571ef78f735494ec58a6dc47ca2b24c1.jpg
37.404,-122.052,11_mp4-6_jpg.rf.054251ea7232184b512f5cd0115fe950.jpg
37.404,-122.051,15_mp4-8_jpg.rf.c12aa7b103f55effa7a163a438e2e007.jpg
37.403,-122.047,10_mp4-26_jpg.rf.4a510cf9628a48a134aba5889a56a228.jpg
37.401,-122.036,14_mp4-14_jpg.rf.0dd244d20329d1cd7cb6853603cb6aa1.jpg
37.4,-122.032,10_mp4-33_jpg.rf.add6b975cf392d2aac79161bfc3de4a5.jpg
37.4,-122.032,10_mp4-17_jpg.rf.f29adb6ba74c526e626284888f787502.jpg
37.4,-122.031,8_mp4-26_jpg.rf.d1d84377404e6a3d651b85399f209cc6.jpg
37.399,-122.028,test3_mp4-14_jpg.rf.7dba2ba74b966aaf179fa73557acbe79.jpg
37.399,-122.027,test2_mp4-18_jpg.rf.232eb0c62531b8d80bc603479037dd19.jpg
37.398,-122.025,test3_mp4-15_jpg.rf.1fac3e2c2d15c1be7beeac54f1257278.jpg
37.396,-122.017,16_mp4-0_jpg.rf.fff3fd2cdb4558d95c9737836ec78767.jpg
37.396,-122.013,3_mp4-3_jpg.rf.2b61a5c3545c950fd089695695854054.jpg
37.396,-122.013,10_mp4-22_jpg.rf.9fab549aabb1a27af45313dcf1110285.jpg
37.395,-122.009,test2_mp4-18_jpg.rf.dbc26dafb7497860bdd9af9f6dd86d97.jpg
37.394,-122.007,8_mp4-29_jpg.rf.1a2883a208b3a1630d699d05008c0f22.jpg
37.394,-122.005,10_mp4-21_jpg.rf.fdf9ca13094603f25c5323c71537b39c.jpg
37.392,-122.0,6_mp4-15_jpg.rf.8004ad58a025777c63c98e28c7f97a40.jpg
37.392,-121.998,13_mp4-4_jpg.rf.ba0414f9ee92cf5450650e6ce58a28b1.jpg
37.391,-121.994,15_mp4-13_jpg.rf.9db8e6e1794b41046ffba60cc31ab27d.jpg
37.39,-121.991,11_mp4-20_jpg.rf.07891e59b6d3fd6ff19d61eac9cdc89c.jpg
37.389,-121.99,test2_mp4-13_jpg.rf.a107982b284a27b0e03cf09e254f89d2.jpg
37.389,-121.989,test3_mp4-7_jpg.rf.4770e23f8843725328596c4ae7e2ee40.jpg
37.388,-121.985,12_mp4-31_jpg.rf.79ff9b9516a541426045d697c7870e86.jpg
37.387,-121.983,6_mp4-37_jpg.rf.f36158435095f18be51dac0b9082f9c1.jpg
37.385,-121.975,2_mp4-23_jpg.rf.d6c70bd918c7036dc4822fed74817bad.jpg
37.384,-121.972,15_mp4-1_jpg.rf.d9e25b0686dad85b97ebd560d917fb67.jpg
37.384,-121.97,test_mp4-7_jpg.rf.cf8fd6a7fc83868e8fcc8aa128eff9da.jpg
37.383,-121.969,11_mp4-11_jpg.rf.a91d87ce59dd7218384471b1ce58700a.jpg
37.383,-121.968,3_mp4-5_jpg.rf.a8c17d52a0abb8931cd0f7e3dfaaa42b.jpg
37.381,-121.959,14_mp4-22_jpg.rf.864085c1afac497201c5163fee862d09.jpg
37.38,-121.959,10_mp4-40_jpg.rf.d16cc80521ce7580afbf20eda5adf6d3.jpg
37.379,-121.955,8_mp4-43_jpg.rf.ada43ee787ca7abca913660747a0f679.jpg
37.379,-121.954,test_mp4-11_jpg.rf.264e26445af0bb22012f9f6ed5b4026b.jpg
37.379,-121.951,8_mp4-25_jpg.rf.17b87829fcab7614f59da979438029f5.jpg
37.378,-121.946,8_mp4-40_jpg.rf.70bb12fa6e1c00bf2af3770845dbb47f.jpg
37.377,-121.942,5_mp4-2_jpg.rf.80ba24bc2c575533fd8859a640c4e6b7.jpg
37.377,-121.941,7_mp4-1_jpg.rf.0aca74d617d7e49e8ce1b361f55bd39a.jpg
37.376,-121.94,6_mp4-21_jpg.rf.31410105860ee1b3b3220ca8bbde1c10.jpg
37.376,-121.939,12_mp4-5_jpg.rf.598eb70537e759bb3ff0127826bad1c1.jpg
37.375,-121.936,14_mp4-1_jpg.rf.60830adb584408fa21d94c7d49fc5761.jpg
37.375,-121.934,7_mp4-18_jpg.rf.375c66297d68d427418697d3778553fa.jpg
37.375,-121.933,6_mp4-32_jpg.rf.fa26a1febbf9f234f33830d9b28a1888.jpg
37.375,-121.933,10_mp4-8_jpg.rf.d87434ea22954af69d2692f24484a62f.jpg
37.375,-121.932,4_mp4-3_jpg.rf.24133af9a76ae8e25d2271059cd57edd.jpg
37.374,-121.931,1_mp4-2_jpg.rf.574ccc47458551b67abef255fb54f372.jpg
37.374,-121.93,8_mp4-5_jpg.rf.c4d1431c00ae66465f5f43a3d1df4d8a.jpg
37.374,-121.929,7_mp4-17_jpg.rf.d675009ac11cc267c287c42e0f73a02d.jpg
37.374,-121.929,6_mp4-15_jpg.rf.620011b1ceef37bd326c474f62efb51c.jpg
37.373,-121.928,15_mp4-3_jpg.rf.571ef78f735494ec58a6dc47ca2b24c1.jpg
37.373,-121.928,8_mp4-8_jpg.rf.e6ceae52df9205995ecf5ce9f68cc724.jpg
37.373,-121.928,5_mp4-18_jpg.rf.a100a7aa041746e8df5dbfa2898a2e57.jpg
37.372,-121.928,5_mp4-23_jpg.rf.b5a2feb8c6c3748bcfeb81e8e5e50044.jpg
37.372,-121.927,test3_mp4-12_jpg.rf.d06993338b3668b94cac4f32cf26f8d0.jpg
37.371,-121.927,6_mp4-6_jpg.rf.5baaaf56d93028a9c01bc7f1696d033e.jpg
37.371,-121.927,10_mp4-27_jpg.rf.1b3ffdafb2f2340ccc9833ac3bc0bc1d.jpg
37.37,-121.927,6_mp4-6_jpg.rf.5baaaf56d93028a9c01bc7f1696d033e.jpg
37.37,-121.927,test3_mp4-10_jpg.rf.11bdfe9aaa5fd635b6cdf7e40c75d018.jpg
37.37,-121.926,5_mp4-22_jpg.rf.aaa14b7c9dc5def67313b616114423dc.jpg
37.37,-121.926,6_mp4-6_jpg.rf.18ed9550b1a0eec93f1a395b19cb20d8.jpg
37.369,-121.926,3_mp4-23_jpg.rf.a5486e0d16b0c67ab2cd103acfe81673.jpg
37.369,-121.926,8_mp4-40_jpg.rf.70bb12fa6e1c00bf2af3770845dbb47f.jpg
37.369,-121.925,test3_mp4-1_jpg.rf.016315de09e8befd7cb08f04805bbe98.jpg
37.369,-121.925,6_mp4-5_jpg.rf.ba3f856015d56022ad3a0d584216405e.jpg
37.368,-121.925,12_mp4-5_jpg.rf.6f4501c66d7db589329e2b0640a38263.jpg
37.368,-121.924,test_mp4-9_jpg.rf.6b9fa7ff25fa2c73f9325942a994eb9a.jpg
37.368,-121.924,14_mp4-22_jpg.rf.864085c1afac497201c5163fee862d09.jpg
37.368,-121.924,test3_mp4-12_jpg.rf.d06993338b3668b94cac4f32cf26f8d0.jpg
37.366,-121.921,2_mp4-13_jpg.rf.cd1dd2a44c560f709b2279d1589da640.jpg
37.366,-121.921,8_mp4-30_jpg.rf.385021806c9c0787d4c427c703a2937e.jpg
37.365,-121.92,11_mp4-23_jpg.rf.ccaf85702e19a073ba49b4814d15e282.jpg
37.365,-121.92,test2_mp4-2_jpg.rf.98ade04a432ddb5023dbcac0ae2a155c.jpg
37.365,-121.919,14_mp4-23_jpg.rf.35d4eeb8b2fb62d88ceb22132b20a837.jpg
37.364,-121.919,test2_mp4-6_jpg.rf.7854ea55c88c26a6a3b349e31fcb9964.jpg
37.364,-121.919,14_mp4-21_jpg.rf.e6eeb4173b315a8d65d2e5761d5826af.jpg
37.364,-121.918,8_mp4-46_jpg.rf.3132ebe3a693515002395415e1ea853a.jpg
37.36,-121.916,12_mp4-5_jpg.rf.6f4501c66d7db589329e2b0640a38263.jpg
37.358,-121.914,7_mp4-4_jpg.rf.86a25e64a8eb7928deb532b33d906cce.jpg
37.356,-121.913,test_mp4-8_jpg.rf.749a7dfc1055b0d8d1893eeabe69e9c7.jpg
37.355,-121.912,14_mp4-21_jpg.rf.94fca4d72973e2556751763078ded36a.jpg
37.354,-121.912,11_mp4-14_jpg.rf.a6c45353302e18201614a5b3f5a375a9.jpg
37.354,-121.911,test3_mp4-1_jpg.rf.016315de09e8befd7cb08f04805bbe98.jpg
37.353,-121.911,14_mp4-8_jpg.rf.7d2094c86c3594bbf5da59e3777ee929.jpg
37.351,-121.909,test3_mp4-2_jpg.rf.427a25cd37cd34579b0549254b76f8ed.jpg
37.35,-121.909,test2_mp4-7_jpg.rf.e6fd259878736bb130789076b260d0c5.jpg
37.35,-121.909,6_mp4-35_jpg.rf.48307485007b75d42c317ef120f39758.jpg
37.349,-121.909,6_mp4-4_jpg.rf.baf02d172b17a1b2962d01a92bff3569.jpg
37.349,-121.908,2_mp4-8_jpg.rf.8912d23559a90d712ef2cacace5a3370.jpg
37.349,-121.908,14_mp4-21_jpg.rf.94fca4d72973e2556751763078ded36a.jpg
37.348,-121.907,5_mp4-12_jpg.rf.d85a9310d34099edbdeea033ad180682.jpg
37.348,-121.907,15_mp4-13_jpg.rf.9db8e6e1794b41046ffba60cc31ab27d.jpg
37.348,-121.907,11_mp4-10_jpg.rf.4700be742c709d3ebbac02e5f323cd12.jpg
37.347,-121.906,10_mp4-11_jpg.rf.eb1b06090bd1c1814b87c18a2661990a.jpg
37.347,-121.905,6_mp4-22_jpg.rf.f7ac0d15e2d881abcfac5db4bcd85b93.jpg
37.347,-121.904,12_mp4-28_jpg.rf.2eda7e5c85703d24599231e1ee9de874.jpg
37.346,-121.904,8_mp4-11_jpg.rf.b6939bdda9abe332ee65b4672626d24b.jpg
37.346,-121.903,13_mp4-12_jpg.rf.53b43fd669d6d3f0b3a649fca03f8368.jpg
37.345,-121.903,7_mp4-3_jpg.rf.6dcd52cc1740426e79a54b65ffb993f8.jpg
37.345,-121.903,8_mp4-26_jpg.rf.7b7e31f78015a7f36049680f550f53de.jpg
37.345,-121.903,1_mp4-10_jpg.rf.efbf093676a1b487d1e89066689cb42b.jpg
37.345,-121.902,test_mp4-7_jpg.rf.cf8fd6a7fc83868e8fcc8aa128eff9da.jpg
37.344,-121.902,test3_mp4-15_jpg.rf.1fac3e2c2d15c1be7beeac54f1257278.jpg
37.343,-121.902,11_mp4-9_jpg.rf.da40e3a3763ab632f2546a683a2cf63a.jpg
37.342,-121.901,15_mp4-14_jpg.rf.b901a8e524e01d09ebfd38f6413c670d.jpg
37.342,-121.901,8_mp4-27_jpg.rf.47cd92661c6e4878374fc41c0f01882a.jpg
37.342,-121.901,8_mp4-35_jpg.rf.438a197399d1df7f8ab56f81ff845475.jpg
37.341,-121.9,6_mp4-30_jpg.rf.eb11f9c9f408d358d4f5b46ab23c06c4.jpg
37.341,-121.9,test_mp4-0_jpg.rf.232bf375741c2f099f7c5574920f52e1.jpg
37.34,-121.899,1_mp4-7_jpg.rf.e4bf20d1e037cdbddd350e12174878fe.jpg
37.339,-121.899,10_mp4-40_jpg.rf.d16cc80521ce7580afbf20eda5adf6d3.jpg
37.339,-121.899,8_mp4-7_jpg.rf.88df9b56e4c2322a9160241b63872bfd.jpg
37.338,-121.899,11_mp4-1_jpg.rf.de00bc564859a4ccd6d2949c6db07dec.jpg
37.338,-121.899,10_mp4-20_jpg.rf.aa955ef0c5dbb1974c6c0b13628f93b2.jpg
37.338,-121.899,10_mp4-40_jpg.rf.c87ea31b3ee340155d9d5a389565aa13.jpg
37.338,-121.899,8_mp4-10_jpg.rf.c504b381a507f97332f84821c5acd586.jpg
37.338,-121.899,10_mp4-12_jpg.rf.daf65f51adfd1817d026f3d4c3cf3d4c.jpg
37.337,-121.899,6_mp4-35_jpg.rf.48307485007b75d42c317ef120f39758.jpg
37.337,-121.899,3_mp4-6_jpg.rf.5b6942de895ed79a12ff6a65888e7f17.jpg
37.337,-121.899,15_mp4-8_jpg.rf.c12aa7b103f55effa7a163a438e2e007.jpg
37.337,-121.899,1_mp4-2_jpg.rf.574ccc47458551b67abef255fb54f372.jpg
37.336,-121.899,13_mp4-10_jpg.rf.907ddce360dab033fc8af7728a195442.jpg
37.336,-121.898,5_mp4-8_jpg.rf.71c95cfe2fd0833c1d883674c9f64dc0.jpg
37.337,-121.898,14_mp4-6_jpg.rf.ec7d015efb0295a10936351106b40fd0.jpg
37.337,-121.897,4_mp4-6_jpg.rf.a1790a3342455a63f510d31ed789421d.jpg
37.337,-121.896,7_mp4-18_jpg.rf.375c66297d68d427418697d3778553fa.jpg
37.337,-121.896,2_mp4-14_jpg.rf.20fcbefba4cdaad06e0b339a23f9db0a.jpg
37.338,-121.896,6_mp4-39_jpg.rf.9d02f67923967da4bd61d641a7b73bc8.jpg
37.338,-121.895,10_mp4-12_jpg.rf.daf65f51adfd1817d026f3d4c3cf3d4c.jpg
37.338,-121.895,6_mp4-28_jpg.rf.9a9bcb32780aa931718551884825de05.jpg
37.338,-121.894,test2_mp4-9_jpg.rf.efc7c8ae5059cc27b41a1f38decc1991.jpg
37.339,-121.893,5_mp4-28_jpg.rf.bb1927e742e0782befed866576bb87d9.jpg
37.339,-121.893,test3_mp4-14_jpg.rf.4d418ce9fe701a7bfb020df31ac94f69.jpg
37.339,-121.892,15_mp4-11_jpg.rf.d9560da9663dba2cc2e1c6cc0937ddab.jpg
37.34,-121.892,1_mp4-8_jpg.rf.2641280818f70f41aff18978dc2b189e.jpg
37.34,-121.891,13_mp4-10_jpg.rf.0f17b5003834559e43156ea3fa7700e6.jpg
37.34,-121.891,12_mp4-17_jpg.rf.6a153289ca1f5817e71ca17f37e1c8e3.jpg
37.34,-121.891,8_mp4-8_jpg.rf.05084d10c64faf025640e64ad2c24b37.jpg
37.34,-121.89,3_mp4-6_jpg.rf.b9cdd6989470f53d1e5e229abfaa82e1.jpg
37.341,-121.89,5_mp4-2_jpg.rf.80ba24bc2c575533fd8859a640c4e6b7.jpg
37.341,-121.89,15_mp4-1_jpg.rf.4462bddda8bb6bd7cef780afdbd42a90.jpg
37.341,-121.889,1_mp4-6_jpg.rf.b1942799e938382319ad0a67b09f5737.jpg
37.341,-121.889,13_mp4-4_jpg.rf.ba0414f9ee92cf5450650e6ce58a28b1.jpg
37.34,-121.888,test3_mp4-11_jpg.rf.a8808a5434df4d7b43512ebec6c9930f.jpg
37.34,-121.888,14_mp4-8_jpg.rf.7d2094c86c3594bbf5da59e3777ee929.jpg
37.34,-121.887,7_mp4-3_jpg.rf.6dcd52cc1740426e79a54b65ffb993f8.jpg
37.339,-121.887,7_mp4-10_jpg.rf.c3df3fd718070345f01ea88314409a89.jpg
37.339,-121.887,11_mp4-12_jpg.rf.61c94dbcac908e69c10575351f04fda4.jpg
37.338,-121.886,6_mp4-9_jpg.rf.a9b36dee5db121dc1cb557b779f5b2c5.jpg
37.338,-121.886,1_mp4-10_jpg.rf.efbf093676a1b487d1e89066689cb42b.jpg
